{"sum": 774757.0, "avr": 536.5353185595568, "sumMD": 21963.0, "avrMD": 577.9736842105264, "sumSD": 21934.0, "avrSD": 577.2105263157895, "max": 998.0, "min": 100.0}